date,full_content,likes,retweets,followers,sentiment,url,clean,has_embedding,cluster,similarity
2023-03-17,"DaanCrypto tweeted about BTC, SPX $BTC & $SPX Correlation is completely gone which can be seen on the correlation coefficient at the bottom.

Anything above the red 0 line means correlation. Below there is an inverse correlation.

It's as random as can be currently.

This suits crypto well in my opinion.",4,0,140,0.2732,https://twitter.com/DaanCrypto/status/1636734904074469376,daancrypto tweeted btc spx btc spx correlation completely gone seen correlation coefficient red line means correlation inverse correlation random currently suits crypto opinion,True,1,0.953604358990113
2023-03-17,"DaanCrypto tweeted about BTC, SPX $BTC & $SPX Correlation & Bear Market Bottoms üìö

A small thread about what happened in 2018 and if the 2022 situation is similar. üëá",20,3,766,0.0,https://twitter.com/DaanCrypto/status/1636700713676947456,daancrypto tweeted btc spx btc spx correlation bear market bottoms small thread happened situation similar,True,1,0.9552316196439463
2023-03-10,"CryptoJelleNL tweeted about ETH, BTC, ES=F Oh - while we're at it - the stock market is sitting on a key area too.

So what we have is #Bitcoin at must bounce level, $ETH at must bounce level, $ES at must bounce level.

Big day, must bounce.",3,0,110,0.0,https://twitter.com/CryptoJelleNL/status/1634138820634345475,cryptojellenl tweeted eth btc stock market sitting key area bitcoin bounce level eth bounce level bounce level big day bounce,True,1,0.9609876598425425
2023-03-10,"CryptoJelleNL tweeted about BTC $20.400 key level for #Bitcoin from here.

Ideally want to see a daily close back above there, but be mindful of a potential bearish retest as well.

Relief rally after the stock markets close tonight?",0,0,63,0.8338,https://twitter.com/CryptoJelleNL/status/1634133738954129408,cryptojellenl tweeted btc key level bitcoin ideally want daily close mindful potential bearish retest relief rally stock markets close tonight,True,1,0.9699833173947767
2023-03-15,"Murfski_ tweeted about SPX, BTC, DXY #BTC at range highs

$DXY waking up with a nice rally

$SPX hovering at support just above it‚Äôs former downtrend line

Something‚Äôs telling me tread carefully",16,2,905,0.7184,https://twitter.com/Murfski_/status/1636021875888525322,murfski tweeted spx btc dxy btc range highs dxy waking nice rally spx hovering support downtrend line telling tread carefully,True,1,0.9222201202501438
2023-03-17,"the_chart_life tweeted about RUT, SPX $RUT vs. $SPX",0,0,0,0.0,https://twitter.com/the_chart_life/status/1636791956159496192,chart life tweeted rut spx rut spx,True,1,0.8847268170978501
2023-03-17,"MFHoz tweeted about SPX $SPX

The moment has finally arrived.

It is over.",6,1,1176,0.0,https://twitter.com/MFHoz/status/1636721295319523328,mfhoz tweeted spx spx moment finally arrived,True,1,0.8303771352646688
2023-03-17,"HackermanAce üîÅ Banana3Stocks about SPY, META, BABA, NVDA $BABA $SPY $NVDA $META 

BABA has been in a long downtrend 

Looks ready for a bounce IMO

I‚Äôm targeting the 100MA on the daily chart just above $90.00",0,0,187,0.3612,https://twitter.com/HackermanAce/status/1636700236939763712,hackermanace banana stocks spy meta baba nvda baba spy nvda meta baba long downtrend looks ready bounce imo targeting daily chart,True,1,0.9222587505592749
2023-03-17,"reciknows üîÅ optionflys about SPY, QQQ, SPX $SPX Next update : 03/16/2023 

$SPY $QQQ",0,0,134,0.0,https://twitter.com/reciknows/status/1636577215931629571,reciknows optionflys spy qqq spx spx update spy qqq,True,1,0.7805502672003746
2023-03-16,"kpak82 tweeted about SPY $SPY (daily) a look back in history:
September 15, 2008  Bankruptcy of Lehman Brothers.",198,49,35,0.0,https://twitter.com/kpak82/status/1636484184855257088,kpak tweeted spy spy daily look history september bankruptcy lehman brothers,True,1,0.9281225506667621
2023-03-16,"reciknows üîÅ reciknows about QQQ, SIVB, JPM, SBNY, C, IWM, SPY, CS, WFC, XLF, GS, BAC, MS $XLF Daily. #XLF bullish reversal divergence, bounce in play as long as it holds today's low. Still hasn't cracked Oct low either 

$SPY $QQQ $IWM $BAC $GS $WFC $MS $JPM $C $CS $SBNY $SIVB",3,0,45,0.2764,https://twitter.com/reciknows/status/1636451919022665729,reciknows reciknows qqq sivb jpm sbny iwm spy wfc xlf bac xlf daily xlf bullish reversal divergence bounce play long holds today low hasn cracked oct low spy qqq iwm bac wfc jpm sbny sivb,True,1,0.949048234167114
2023-03-16,"reciknows üîÅ reciknows about QQQ, DIA, SBNY, IWM, SVIB, SPY, CS, RTY_F, SMALLCAPS $IWM Daily. Failed pennant breakout into -> breakdown from pennant. Currently flashing bullish reversal divergence so a bounce is in play so long as #IWM holds > 170 

$RTY_F #RTY_F #smallcaps $SPY $QQQ $DIA $SVIB $SBNY $CS",9,1,10508,-0.2263,https://twitter.com/reciknows/status/1636451910021697536,reciknows reciknows qqq dia sbny iwm svib spy rty smallcaps iwm daily failed pennant breakout breakdown pennant currently flashing bullish reversal divergence bounce play long iwm holds rty rty smallcaps spy qqq dia svib sbny,True,1,0.9535764885418528
2023-03-16,"reciknows üîÅ reciknows about XLK, ES=F, QQQ, SBNY, XLF, IWM, SVIB, SPY, CS, SPX $SPY Daily. #SPY still anticipating a bounce here despite below 50, 100 & 200sma. Would be a re-test of the breakdown from this head & shoulders pattern (396-400) 

$SPX $ES_F #SPX #ES_F $XLK $IWM $QQQ $SVIB $SBNY $CS $XLF",6,0,4,0.0,https://twitter.com/reciknows/status/1636451901536636928,reciknows reciknows xlk qqq sbny xlf iwm svib spy spx spy daily spy anticipating bounce despite sma test breakdown head shoulders pattern spx spx xlk iwm qqq svib sbny xlf,True,1,0.9140227387707961
2023-03-16,"reciknows üîÅ reciknows about QQQ, ES=F, DIA, SBNY, DJIA, IWM, SVIB, SDOW, SPY, UDOW, CS, DOWJONES $DIA Weekly. #DIA still holding the breakout from downtrend line ‚Äì backtest? 

$DJIA $SPY $QQQ $IWM $ES_F $SDOW #DowJones $SVIB $SBNY $UDOW $CS",0,0,134,0.0,https://twitter.com/reciknows/status/1636451774017191936,reciknows reciknows qqq dia sbny djia iwm svib sdow spy udow dowjones dia weekly dia holding breakout downtrend line backtest djia spy qqq iwm sdow dowjones svib sbny udow,True,1,0.8661523580702558
2023-03-16,"reciknows üîÅ reciknows about QQQ, STOCKMARKET, GLD, DIA, TLT, DXY, SBNY, IWM, SVIB, CPI, SPY, CS, FOMC, XLF, VIX $TLT Daily. #TLT ascending triangle in play for 20+ treasury bonds 

$SPY $QQQ $IWM $DIA $XLF $GLD $VIX #CPI #FOMC $DXY $SVIB $SBNY $CS #StockMarket",6,1,10,0.4939,https://twitter.com/reciknows/status/1636451761560121344,reciknows reciknows qqq stockmarket gld dia tlt dxy sbny iwm svib cpi spy fomc xlf vix tlt daily tlt ascending triangle play treasury bonds spy qqq iwm dia xlf gld vix cpi fomc dxy svib sbny stockmarket,True,0,0.6807501138515267
2023-03-16,the_chart_life tweeted about SPX $SPX On Balance Volume a little soft...,21,2,17,0.0,https://twitter.com/the_chart_life/status/1636427207349350400,chart life tweeted spx spx balance volume little soft,True,1,0.9240304367474611
2023-03-16,"the_chart_life tweeted about SPY, ES=F, SPX Where would the S&P 500 be if it was still based on the pre-1988 weighting system?

$SPX $SPY $ES_F",7,1,824,0.0,https://twitter.com/the_chart_life/status/1636420378485506086,chart life tweeted spy spx based pre weighting system spx spy,True,1,0.9318767035157262
2023-03-16,"the_chart_life tweeted about SPY, ES=F, SPX Where would the S&P 500 be if it was still based on the original weighting system?

$SPX $SPY $ES_F",26,3,248,0.3182,https://twitter.com/the_chart_life/status/1636420077825277962,chart life tweeted spy spx based original weighting system spx spy,True,1,0.9313066921863746
2023-03-16,"reciknows tweeted about XLK, NQ=F, QQQ, AMZN, NASDAQ, MSFT, NDX, SBNY, SVIB, SPY, CS, AAPL $QQQ Weekly. #QQQ strongest of all indices, bull flag in play here after retesting 50/200sma. Needs to hold > 285

$NDX $NQ_F $XLK #Nasdaq $AAPL $MSFT $AMZN $SPY $CS $SVIB $SBNY",3,0,7,0.6486,https://twitter.com/reciknows/status/1636245640685682688,reciknows tweeted xlk qqq amzn nasdaq msft ndx sbny svib spy aapl qqq weekly qqq strongest indices bull flag play retesting sma needs hold ndx xlk nasdaq aapl msft amzn spy svib sbny,True,0,0.8587602313268857
2023-03-16,"reciknows tweeted about QQQ, STOCKMARKET, GLD, DIA, TLT, DXY, SBNY, IWM, SVIB, CPI, SPY, CS, FOMC, XLF, VIX $TLT Daily. #TLT ascending triangle in play for 20+ treasury bonds 

$SPY $QQQ $IWM $DIA $XLF $GLD $VIX #CPI #FOMC $DXY $SVIB $SBNY $CS #StockMarket",87,12,14,0.4939,https://twitter.com/reciknows/status/1636235147350786048,reciknows tweeted qqq stockmarket gld dia tlt dxy sbny iwm svib cpi spy fomc xlf vix tlt daily tlt ascending triangle play treasury bonds spy qqq iwm dia xlf gld vix cpi fomc dxy svib sbny stockmarket,True,0,0.6807501138515267
2023-03-16,"reciknows tweeted about QQQ, ES=F, DIA, SBNY, DJIA, IWM, SVIB, SDOW, SPY, UDOW, CS, DOWJONES $DIA Weekly. #DIA still holding the breakout from downtrend line ‚Äì backtest? 

$DJIA $SPY $QQQ $IWM $ES_F $SDOW #DowJones $SVIB $SBNY $UDOW $CS",0,0,0,0.0,https://twitter.com/reciknows/status/1636232696761565189,reciknows tweeted qqq dia sbny djia iwm svib sdow spy udow dowjones dia weekly dia holding breakout downtrend line backtest djia spy qqq iwm sdow dowjones svib sbny udow,True,1,0.8661523580702558
2023-03-16,"reciknows tweeted about XLK, ES=F, QQQ, SBNY, XLF, IWM, SVIB, SPY, CS, SPX $SPY Daily. #SPY still anticipating a bounce here despite below 50, 100 & 200sma. Would be a re-test of the breakdown from this head & shoulders pattern (396-400) 

$SPX $ES_F #SPX #ES_F $XLK $IWM $QQQ $SVIB $SBNY $CS $XLF",27,5,12484,0.0,https://twitter.com/reciknows/status/1636216152228757504,reciknows tweeted xlk qqq sbny xlf iwm svib spy spx spy daily spy anticipating bounce despite sma test breakdown head shoulders pattern spx spx xlk iwm qqq svib sbny xlf,True,1,0.9140227387707961
2023-03-16,"reciknows tweeted about QQQ, DIA, SBNY, IWM, SVIB, SPY, CS, RTY_F, SMALLCAPS $IWM Daily. Failed pennant breakout into -> breakdown from pennant. Currently flashing bullish reversal divergence so a bounce is in play so long as #IWM holds > 170 

$RTY_F #RTY_F #smallcaps $SPY $QQQ $DIA $SVIB $SBNY $CS",4,0,3,-0.2263,https://twitter.com/reciknows/status/1636211096452481025,reciknows tweeted qqq dia sbny iwm svib spy rty smallcaps iwm daily failed pennant breakout breakdown pennant currently flashing bullish reversal divergence bounce play long iwm holds rty rty smallcaps spy qqq dia svib sbny,True,1,0.9535764885418528
2023-03-16,"reciknows tweeted about QQQ, SIVB, JPM, SBNY, C, IWM, SPY, CS, WFC, XLF, GS, BAC, MS $XLF Daily. #XLF bullish reversal divergence, bounce in play as long as it holds today's low. Still hasn't cracked Oct low either 

$SPY $QQQ $IWM $BAC $GS $WFC $MS $JPM $C $CS $SBNY $SIVB",22,4,4,0.2764,https://twitter.com/reciknows/status/1636210190222786560,reciknows tweeted qqq sivb jpm sbny iwm spy wfc xlf bac xlf daily xlf bullish reversal divergence bounce play long holds today low hasn cracked oct low spy qqq iwm bac wfc jpm sbny sivb,True,1,0.949048234167114
2023-03-16,"reciknows üîÅ Tradytics about SPY, SPX How are markets looking from a data standpoint $SPX $SPY üëå

Bull case
1. Pretty nice darkpool buying
2. Deltas have turned bullish too

Bear case
1. AVWAP right above
2. MNF is just not giving up

I'm a bit confused, but leaning slightly bullish, not very short term though.",4,0,5758,0.5992,https://twitter.com/reciknows/status/1636178264854261760,reciknows tradytics spy spx markets looking data standpoint spx spy bull case pretty nice darkpool buying deltas turned bullish bear case avwap right mnf giving bit confused leaning slightly bullish short term,True,1,0.9669659812230216
2023-03-16,HackermanAce üîÅ AndrewHiesinger about SPY $100M+ in Put Spikes on $SPY in the last hour today üëá,61,8,671,0.0,https://twitter.com/HackermanAce/status/1636176166833856512,hackermanace andrewhiesinger spy spikes spy hour today,True,1,0.9230490531317641
2023-03-15,"reciknows üîÅ optionflys about SPY, QQQ, SPX $SPX Next update : 03/15/2023 

$SPY $QQQ",1,0,572,0.0,https://twitter.com/reciknows/status/1636110211659472898,reciknows optionflys spy qqq spx spx update spy qqq,True,1,0.7805502672003746
2023-03-15,"reciknows üîÅ dana_marlane about SPY, QQQ BlackRock CEO Fink Warns of Financial Risks, Persistent Inflation $SPY $QQQ",36,8,36,-0.3612,https://twitter.com/reciknows/status/1636093746524860416,reciknows dana marlane spy qqq blackrock ceo fink warns financial risks persistent inflation spy qqq,True,1,0.905337323753987
2023-03-15,"reciknows üîÅ unusual_whales about SPY, TSLA Largest Flow today (15 min delayed): 

$TSLA put $175 2024-01-19 - Prem: $16,005,000
$SPY put $372 2023-04-21 - Prem: $13,101,582
$SPY put $372 2023-04-21 - Prem: $12,957,210
$TSLA call $230 2024-01-19 - Prem: $11,710,000

 Link (+ live flow): http://unusualwhales.com/flow?limit=50&min_premium=1000000&min_size=150&intraday_only=true&order=Prem&exclude_deep_itm=true",3,0,2747,-0.2263,https://twitter.com/reciknows/status/1636018152160231424,reciknows unusual whales spy tsla largest flow today min delayed tsla prem spy prem spy prem tsla prem link live flow,True,1,0.9317110105224514
2023-03-15,"ATMSnipes üîÅ ATMSnipes about SPY, SVB (1/x) $SPY - Daily

We had some nasty DVOL days to end last week for obvious reasons being $SVB 

The market will likely trap eagar sellers expecting instant continuation to start the week 

But I do see some chop as we have CPI Tuesday & PPI Wednesday around the $389 level.

üîë‚Ä¶ https://twitter.com/i/web/status/1635024514919591937",2,0,84,-0.4497,https://twitter.com/ATMSnipes/status/1635973296285007873,atmsnipes atmsnipes spy svb spy daily nasty dvol days end week obvious reasons svb market likely trap eagar sellers expecting instant continuation start week chop cpi tuesday ppi wednesday level,True,1,0.9561812639613101
2023-03-15,"ATMSnipes üîÅ ATMSnipes about SPY $SPY seeing some similarities to April 22‚Äô & Jan 22‚Äô

If true‚Ä¶ sellers want to break $385 with volume

From there I expect stops to get ran at $369 before a favorable rally can be in play",4,0,212,0.6369,https://twitter.com/ATMSnipes/status/1635973028042493960,atmsnipes atmsnipes spy spy seeing similarities april jan true sellers want break volume expect stops ran favorable rally play,True,1,0.9388935798067275
2023-03-15,"Trader_XO tweeted about ES=F, SPX $SPX $ES_F

Mondays range... rejected from both Mondays high and the Monthly open",3,0,11,-0.5106,https://twitter.com/Trader_XO/status/1635953376880885762,trader tweeted spx spx mondays range rejected mondays high monthly open,True,1,0.9170178478030526
2023-03-15,"optionsprochick tweeted about SPY $SPY bouncing today above $390 I'm watching this >$392.56 for continued momentum if the indices are strong tomorrow.
Resistance: $395.88, $398, $400.61 
Eyeing the 392c",6,0,0,0.5106,https://twitter.com/optionsprochick/status/1635818324461223936,optionsprochick tweeted spy spy bouncing today watching continued momentum indices strong tomorrow resistance eyeing,True,1,0.9309125439609245
2023-03-13,"reciknows üîÅ optionflys about SPY, QQQ, SPX $SPX Next update : 03/13/2023 

$SPY $QQQ",18,2,271,0.0,https://twitter.com/reciknows/status/1635419673142652928,reciknows optionflys spy qqq spx spx update spy qqq,True,1,0.7805502672003746
2023-03-13,"reciknows üîÅ TrendSpider about JPM, MSFT, IWM, SPY, XOP, TSLA Some interesting put flow coming in above the ask this afternoon, check it out! üëÄüëá

$SPY $XOP $JPM $TSLA $MSFT $IWM",5,1,8,0.4574,https://twitter.com/reciknows/status/1635419160829394944,reciknows trendspider jpm msft iwm spy xop tsla interesting flow coming ask afternoon check spy xop jpm tsla msft iwm,True,1,0.9286161743807698
2023-03-13,"reciknows üîÅ Investingcom about SPY üá∫üá∏U.S. ECONOMIC DATA THIS WEEK:

*CPI INFLATION (TUES.)
*PPI INFLATION (WED.)
*RETAIL SALES (WED.)
*NY FED FACTORY INDEX (WED.)
*PHILLY FED FACTORY INDEX (THURS.)
*JOBLESS CLAIMS (THURS.)
*HOUSING STARTS (THURS.)
*CONSUMER SENTIMENT (FRI.)

üëâ https://www.investing.com/economic-calendar/

$SPY",3,0,148,0.0,https://twitter.com/reciknows/status/1635360418385494016,reciknows investingcom spy economic data week cpi inflation tues ppi inflation retail sales fed factory index philly fed factory index thurs jobless claims thurs housing starts thurs consumer sentiment fri spy,True,1,0.9425781647698059
2023-03-13,"optionsprochick tweeted about SPY, ROKU, XLF My trades today
$SPY 390c +25% 
$XLF open
$ROKU open
Tougher more volatile day.
Cpi tomorrow, all eyes on that üëÄ",36,8,1210,0.1779,https://twitter.com/optionsprochick/status/1635359091492257794,optionsprochick tweeted spy roku xlf trades today spy xlf open roku open tougher volatile day cpi tomorrow eyes,True,1,0.9196061212433538
2023-03-13,"LSDinmycoffee tweeted about XAU, SPX $XAU $SPX

Gold / SPX ratio to return to 2008 financial crisis peak?",2,0,4182,-0.6249,https://twitter.com/LSDinmycoffee/status/1635275326162087940,lsdinmycoffee tweeted xau spx xau spx gold spx ratio return financial crisis peak,True,1,0.9420748230125793
2023-03-13,"reciknows üîÅ reciknows about QQQ, ES=F, DIA, SBNY, DJIA, IWM, SVIB, SDOW, SPY, UDOW, DOWJONES $DIA Weekly. #DIA continuation to the downside after retesting the break down from triangle. May see a bounce here off the downtrend line, but momentum not looking good for the bull plot 

$DJIA $SPY $QQQ $IWM $ES_F $SDOW #DowJones $SVIB $SBNY $UDOW",12,1,72,-0.5587,https://twitter.com/reciknows/status/1635269783842340864,reciknows reciknows qqq dia sbny djia iwm svib sdow spy udow dowjones dia weekly dia continuation downside retesting break triangle bounce downtrend line momentum looking good bull plot djia spy qqq iwm sdow dowjones svib sbny udow,True,1,0.9252929738226936
2023-03-13,"reciknows üîÅ reciknows about XLK, NQ=F, QQQ, AMZN, NASDAQ, MSFT, NDX, SBNY, SVIB, SPY, AAPL $QQQ Weekly. #QQQ relative strength compared to #SPY and still holding the breakout. Potential bull flag and the 200sma around ~285 can offer support 

$NDX $NQ_F $XLK #Nasdaq $AAPL $MSFT $AMZN $SPY $SVIB $SBNY",6,0,0,0.7096,https://twitter.com/reciknows/status/1635269765408370691,reciknows reciknows xlk qqq amzn nasdaq msft ndx sbny svib spy aapl qqq weekly qqq relative strength compared spy holding breakout potential bull flag sma offer support ndx xlk nasdaq aapl msft amzn spy svib sbny,True,1,0.9339273110158468
2023-03-13,"reciknows üîÅ reciknows about QQQ, DIA, SBNY, IWM, SVIB, SPY, RTY_F, SMALLCAPS $IWM Weekly. #IWM failed breakout from the descending triangle, potential bounce ~ 170. Will need to reclaim 50/200sma to turn bullish, wouldn't be surprised if this tests Oct low's.. 

#IWM $RTY_F #RTY_F #smallcaps $SPY $QQQ $DIA $SVIB $SBNY",0,0,3,-0.608,https://twitter.com/reciknows/status/1635269756709388290,reciknows reciknows qqq dia sbny iwm svib spy rty smallcaps iwm weekly iwm failed breakout descending triangle potential bounce need reclaim sma turn bullish wouldn surprised tests oct low iwm rty rty smallcaps spy qqq dia svib sbny,True,1,0.9335361634524907
2023-03-13,"reciknows üîÅ reciknows about XLK, NQ=F, QQQ, AMZN, NASDAQ, MSFT, NDX, SBNY, SVIB, SPY, AAPL $QQQ Weekly. #QQQ testing 50/200sma, a bounce here could lead to breakout from the proposed bull flag. Failure to hold, possible support from 100sma ~ 284

$NDX $NQ_F $XLK #Nasdaq $AAPL $MSFT $AMZN $SPY $SVIB $SBNY",0,0,25,-0.1531,https://twitter.com/reciknows/status/1635269734571839489,reciknows reciknows xlk qqq amzn nasdaq msft ndx sbny svib spy aapl qqq weekly qqq testing sma bounce lead breakout proposed bull flag failure hold possible support sma ndx xlk nasdaq aapl msft amzn spy svib sbny,True,1,0.9385650105010804
2023-03-13,"reciknows üîÅ reciknows about QQQ, DIA, SBNY, IWM, SVIB, SPY, RTY_F, SMALLCAPS $IWM Daily. #IWM failed breakout from the pennant, now testing lower trendline support. Could see a bounce here but now below 50, 100 & 200sma which is bearish. 

$RTY_F #RTY_F #smallcaps $SPY $QQQ $DIA $SVIB $SBNY",16,4,7353,-0.2263,https://twitter.com/reciknows/status/1635269704255426560,reciknows reciknows qqq dia sbny iwm svib spy rty smallcaps iwm daily iwm failed breakout pennant testing lower trendline support bounce sma bearish rty rty smallcaps spy qqq dia svib sbny,True,1,0.9134839307379816
2023-03-13,"reciknows üîÅ reciknows about QQQ, STOCKMARKET, GLD, DIA, TLT, DXY, SBNY, IWM, SVIB, CPI, SPY, FOMC, XLF, VIX $TLT Weekly. #TLT previous week's bullish reversal hammer candlestick confirmed after last week's move (albeit due to macro news). 

$SPY $QQQ $IWM $DIA $XLF $GLD $VIX #CPI #FOMC $DXY $SVIB $SBNY #StockMarket",2,0,675,0.0,https://twitter.com/reciknows/status/1635269692914016257,reciknows reciknows qqq stockmarket gld dia tlt dxy sbny iwm svib cpi spy fomc xlf vix tlt weekly tlt previous week bullish reversal hammer candlestick confirmed week albeit macro news spy qqq iwm dia xlf gld vix cpi fomc dxy svib sbny stockmarket,True,1,0.8527676568114296
2023-03-13,Nebraskangooner tweeted about SPY $SPY dropping towards the major support zone below during pre market,4,0,135157,0.4576,https://twitter.com/Nebraskangooner/status/1635262007502061571,nebraskangooner tweeted spy spy dropping major support zone pre market,True,1,0.9608013502691555
2023-03-13,"DaanCrypto tweeted about GOLD, BTC, SPX It will be interesting whether #Bitcoin decides to follow $SPX down or $GOLD up today.

Seems completely undecisive ever since the futures open where it's basically trading in between both now.",0,0,422,0.4019,https://twitter.com/DaanCrypto/status/1635258650712510465,daancrypto tweeted gold btc spx interesting bitcoin decides follow spx gold today completely undecisive futures open basically trading,True,1,0.9464338068230842
2023-03-13,"eliz883 üîÅ eliz883 about SPX ahahhahahah  

> [@eliz883](https://twitter.com/eliz883):
> I'm going back to sleep for a while... I'll be patient now until $SPX open ü§ù",13,1,1950,0.0,https://twitter.com/eliz883/status/1635214732436332546,eliz eliz spx ahahhahahah going sleep patient spx open,True,1,0.9044418610539293
2023-03-13,"kpak82 üîÅ Investingcom about SPY $SPY  exciting week ahead 

> [@Investingcom](https://twitter.com/Investingcom):
> üá∫üá∏U.S. ECONOMIC DATA THIS WEEK:
> 
> *CPI INFLATION (TUES.)
> *PPI INFLATION (WED.)
> *RETAIL SALES (WED.)
> *NY FED FACTORY INDEX (WED.)
> *PHILLY FED FACTORY INDEX (THURS.)
> *JOBLESS CLAIMS (THURS.)
> *HOUSING STARTS (THURS.)
> *CONSUMER SENTIMENT (FRI.)
> 
> üëâ https://www.investing.com/economic-calendar/
> 
> $SPY",28,7,2,0.4939,https://twitter.com/kpak82/status/1635157424276664321,kpak investingcom spy spy exciting week ahead economic data week cpi inflation tues ppi inflation retail sales fed factory index philly fed factory index thurs jobless claims thurs housing starts thurs consumer sentiment fri spy,True,1,0.9557059133460379
2023-03-13,"HackermanAce üîÅ dafster17 about ES=F, QQQ, CMG, SPY, SPX It's gonna be a good week in stocks ! 

Good luck everyone! 

> [@dafster17](https://twitter.com/dafster17):
> $SPY $SPX $ES $ES_F
> 
> Pretty serious movement here so far into the evening session.
> 
> Honestly not surprised to see it to be truthful. Very excited to see how we shake out tomorrow
> 
> I have one large Bull position on $CMG. Sure wishing that I would have swung $QQQ
> 
> Still early",2,0,1011,0.9675,https://twitter.com/HackermanAce/status/1635114503502434305,hackermanace dafster qqq cmg spy spx gon good week stocks good luck spy spx pretty movement far evening session honestly surprised truthful excited shake tomorrow large bull position cmg sure wishing swung qqq early,True,1,0.9541209719650525
2023-03-13,"reciknows tweeted about QQQ, STOCKMARKET, GLD, DIA, TLT, DXY, SBNY, IWM, SVIB, CPI, SPY, FOMC, XLF, VIX $TLT Weekly. #TLT previous week's bullish reversal hammer candlestick confirmed after last week's move (albeit due to macro news). 

$SPY $QQQ $IWM $DIA $XLF $GLD $VIX #CPI #FOMC $DXY $SVIB $SBNY #StockMarket",193,47,479,0.0,https://twitter.com/reciknows/status/1635106868149489665,reciknows tweeted qqq stockmarket gld dia tlt dxy sbny iwm svib cpi spy fomc xlf vix tlt weekly tlt previous week bullish reversal hammer candlestick confirmed week albeit macro news spy qqq iwm dia xlf gld vix cpi fomc dxy svib sbny stockmarket,True,1,0.8527676568114296
2023-03-13,"reciknows tweeted about QQQ, DIA, SBNY, IWM, SVIB, SPY, RTY_F, SMALLCAPS $IWM Daily. #IWM failed breakout from the pennant, now testing lower trendline support. Could see a bounce here but now below 50, 100 & 200sma which is bearish. 

$RTY_F #RTY_F #smallcaps $SPY $QQQ $DIA $SVIB $SBNY",37,11,2081,-0.2263,https://twitter.com/reciknows/status/1635104888006000640,reciknows tweeted qqq dia sbny iwm svib spy rty smallcaps iwm daily iwm failed breakout pennant testing lower trendline support bounce sma bearish rty rty smallcaps spy qqq dia svib sbny,True,1,0.9134839307379816
2023-03-13,"reciknows tweeted about XLK, NQ=F, QQQ, AMZN, NASDAQ, MSFT, NDX, SBNY, SVIB, SPY, AAPL $QQQ Weekly. #QQQ testing 50/200sma, a bounce here could lead to breakout from the proposed bull flag. Failure to hold, possible support from 100sma ~ 284

$NDX $NQ_F $XLK #Nasdaq $AAPL $MSFT $AMZN $SPY $SVIB $SBNY",0,0,0,-0.1531,https://twitter.com/reciknows/status/1635099682660835331,reciknows tweeted xlk qqq amzn nasdaq msft ndx sbny svib spy aapl qqq weekly qqq testing sma bounce lead breakout proposed bull flag failure hold possible support sma ndx xlk nasdaq aapl msft amzn spy svib sbny,True,1,0.9385650105010804
2023-03-13,"reciknows tweeted about QQQ, DIA, SBNY, IWM, SVIB, SPY, RTY_F, SMALLCAPS $IWM Weekly. #IWM failed breakout from the descending triangle, potential bounce ~ 170. Will need to reclaim 50/200sma to turn bullish, wouldn't be surprised if this tests Oct low's.. 

#IWM $RTY_F #RTY_F #smallcaps $SPY $QQQ $DIA $SVIB $SBNY",12,2,12920,-0.608,https://twitter.com/reciknows/status/1635094746480922625,reciknows tweeted qqq dia sbny iwm svib spy rty smallcaps iwm weekly iwm failed breakout descending triangle potential bounce need reclaim sma turn bullish wouldn surprised tests oct low iwm rty rty smallcaps spy qqq dia svib sbny,True,1,0.9335361634524907
2023-03-13,"reciknows tweeted about XLK, NQ=F, QQQ, AMZN, NASDAQ, MSFT, NDX, SBNY, SVIB, SPY, AAPL $QQQ Weekly. #QQQ relative strength compared to #SPY and still holding the breakout. Potential bull flag and the 200sma around ~285 can offer support 

$NDX $NQ_F $XLK #Nasdaq $AAPL $MSFT $AMZN $SPY $SVIB $SBNY",11,2,11258,0.7096,https://twitter.com/reciknows/status/1635094626330869761,reciknows tweeted xlk qqq amzn nasdaq msft ndx sbny svib spy aapl qqq weekly qqq relative strength compared spy holding breakout potential bull flag sma offer support ndx xlk nasdaq aapl msft amzn spy svib sbny,True,1,0.9339273110158468
2023-03-13,"reciknows tweeted about QQQ, ES=F, DIA, SBNY, DJIA, IWM, SVIB, SDOW, SPY, UDOW, DOWJONES $DIA Weekly. #DIA continuation to the downside after retesting the break down from triangle. May see a bounce here off the downtrend line, but momentum not looking good for the bull plot 

$DJIA $SPY $QQQ $IWM $ES_F $SDOW #DowJones $SVIB $SBNY $UDOW",8,1,390,-0.5587,https://twitter.com/reciknows/status/1635094351599767552,reciknows tweeted qqq dia sbny djia iwm svib sdow spy udow dowjones dia weekly dia continuation downside retesting break triangle bounce downtrend line momentum looking good bull plot djia spy qqq iwm sdow dowjones svib sbny udow,True,1,0.9252929738226936
2023-03-13,"reciknows tweeted about XLK, ES=F, QQQ, SBNY, IWM, SVIB, SPY, SPX $SPY Daily. #SPY possible head & shoulders breakdown? Just barely holding onto the breakout from downtrend. Could see a bounce here but now below 50, 100 & 200sma so looks pretty bearish. 

$SPX $ES_F #SPX #ES_F $XLK $IWM $QQQ $SVIB $SBNY",38,4,32,0.6925,https://twitter.com/reciknows/status/1635091262075469825,reciknows tweeted xlk qqq sbny iwm svib spy spx spy daily spy possible head shoulders breakdown barely holding breakout downtrend bounce sma looks pretty bearish spx spx xlk iwm qqq svib sbny,True,1,0.9136614254573436
2023-03-13,"reciknows tweeted about XLK, ES=F, QQQ, SBNY, IWM, SVIB, SPY, SPX $SPY Weekly. #SPY looking like a fake breakout from the downtrend, potential bounce zone between 377 - 371 (~200sma). 

$SPX $ES_F #SPX #ES_F $XLK $IWM $QQQ $SVIB $SBNY",0,0,0,-0.1531,https://twitter.com/reciknows/status/1635082600086933508,reciknows tweeted xlk qqq sbny iwm svib spy spx spy weekly spy looking like fake breakout downtrend potential bounce zone sma spx spx xlk iwm qqq svib sbny,True,1,0.9302201000815055
2023-03-13,"reciknows tweeted about XLK, NQ=F, QQQ, AMZN, NASDAQ, STOCKMARKET, MSFT, NDX, SBNY, SVIB, SPY, AAPL $QQQ Weekly. #QQQ relative strength compared to #SPY and still holding the breakout. Potential bull flag and the 200sma around ~285 can offer support 

$NDX $NQ_F $XLK #Nasdaq $AAPL $MSFT $AMZN $SPY #StockMarket $SVIB $SBNY",1,0,0,0.7096,https://twitter.com/reciknows/status/1635082445283532800,reciknows tweeted xlk qqq amzn nasdaq stockmarket msft ndx sbny svib spy aapl qqq weekly qqq relative strength compared spy holding breakout potential bull flag sma offer support ndx xlk nasdaq aapl msft amzn spy stockmarket svib sbny,True,1,0.9339273110158468
2023-03-13,"reciknows tweeted about XLK, NQ=F, QQQ, AMZN, NASDAQ, STOCKMARKET, MSFT, NDX, SPY, AAPL $QQQ Weekly. #QQQ relative strength compared to #SPY and still holding the breakout. Potential bull flag and the 200sma around ~285 can offer support 

$NDX $NQ_F $XLK #Nasdaq $AAPL $MSFT $AMZN $SPY #StockMarket",21,2,668,0.7096,https://twitter.com/reciknows/status/1635080511193518080,reciknows tweeted xlk qqq amzn nasdaq stockmarket msft ndx spy aapl qqq weekly qqq relative strength compared spy holding breakout potential bull flag sma offer support ndx xlk nasdaq aapl msft amzn spy stockmarket,True,1,0.9339273110158468
2023-03-13,"reciknows tweeted about XLK, ES=F, QQQ, IWM, SPY, SPX $SPY Weekly. #SPY looking like a fake breakout from the downtrend, potential bounce zone between 377 - 371 (~200sma). 

$SPX $ES_F #SPX #ES_F $XLK $IWM $QQQ",148,24,4,-0.1531,https://twitter.com/reciknows/status/1635075668672401413,reciknows tweeted xlk qqq iwm spy spx spy weekly spy looking like fake breakout downtrend potential bounce zone sma spx spx xlk iwm qqq,True,1,0.9302201000815055
2023-03-12,"reciknows üîÅ PikesPeakTrades about SPX $SPX bulls have a chance to drive home a powerful market reversal pattern through Tuesday close. Here's the price level that eliminates the most bearish wavers out there. 

And for the details of that pattern, watch here (if you haven't already): https://youtu.be/drvoXkM-hcY",0,0,32,0.5859,https://twitter.com/reciknows/status/1635062123448651778,reciknows pikespeaktrades spx spx bulls chance drive home powerful market reversal pattern tuesday close price level eliminates bearish wavers details pattern watch haven,True,1,0.9547489826677478
2023-03-12,"the_chart_life tweeted about SPY, ES=F, SPX Interesting spot here at 3890 to start the week. Has seen quite a bit of price action over the last 10 months or so. TBD if that means anything over the short term.

$ES_F $SPX $SPY",162,19,0,0.4019,https://twitter.com/the_chart_life/status/1635041821494771715,chart life tweeted spy spx interesting spot start week seen bit price action months tbd means short term spx spy,True,1,0.9566806988636488
2023-03-12,"ATMSnipes tweeted about SPY $SPY seeing some similarities to April 22‚Äô & Jan 22‚Äô

If true‚Ä¶ sellers want to break $385 with volume

From there I expect stops to get ran at $369 before a favorable rally can be in play",2,0,39,0.6369,https://twitter.com/ATMSnipes/status/1635028326527148032,atmsnipes tweeted spy spy seeing similarities april jan true sellers want break volume expect stops ran favorable rally play,True,1,0.9388935798067275
2023-03-12,"ATMSnipes tweeted about SPY, SVB (1/x) $SPY - Daily

We had some nasty DVOL days to end last week for obvious reasons being $SVB 

The market will likely trap eagar sellers expecting instant continuation to start the week 

But I do see some chop as we have CPI Tuesday & PPI Wednesday around the $389 level.

üîë‚Ä¶ https://twitter.com/i/web/status/1635024514919591937",7,0,0,-0.4497,https://twitter.com/ATMSnipes/status/1635024514919591937,atmsnipes tweeted spy svb spy daily nasty dvol days end week obvious reasons svb market likely trap eagar sellers expecting instant continuation start week chop cpi tuesday ppi wednesday level,True,1,0.9561812639613101
2023-03-12,"reciknows üîÅ knox_ridley about SPX $SPX been fully hedged since early Feb. This drop, no matter how you count it, still needs a bounce and one more drop. Looking for some kind of low between 15th-17th",17,3,22,-0.7379,https://twitter.com/reciknows/status/1635015497405317123,reciknows knox ridley spx spx fully hedged early feb drop matter count needs bounce drop looking kind low,True,1,0.9444266895355713
2023-03-11,"the_chart_life tweeted about RUT, IWM, SPY, RTY_F, SPX Highest level of New Relative Lows on the Russell 2000 since November 2021...

$IWM $RUT $RTY_F $SPX $SPY",71,17,28,-0.2023,https://twitter.com/the_chart_life/status/1634649894739750915,chart life tweeted rut iwm spy rty spx highest level new relative lows russell november iwm rut rty spx spy,True,1,0.9543425099083934
2023-03-11,"reciknows üîÅ PikesPeakTrades about NYMO, VIX, SPX Very, very little good news items for the bull case.
But here's one: there's a chance we get a trio of signals on $NYMO, $VIX, and $SPX for extremely oversold conditions. If it triggers at the close today, it requires follow through Monday and Tuesday.",5,0,25,0.5536,https://twitter.com/reciknows/status/1634352426064171008,reciknows pikespeaktrades nymo vix spx little good news items bull case chance trio signals nymo vix spx extremely oversold conditions triggers close today requires follow monday tuesday,True,1,0.9518909379970206
2023-03-10,"ShardiB2 tweeted about SPY $SPY

Definitely not awesome and red line starting to form.... could hit my yellow support line which would bring us to about oversold levels on the daily.... hopefully we don't get there but Mondays after days like this can easily continue lower on the open and then reverse",34,9,7,0.7143,https://twitter.com/ShardiB2/status/1634291691942301704,shardib tweeted spy spy definitely awesome red line starting form hit yellow support line bring oversold levels daily hopefully don mondays days like easily continue lower open reverse,True,1,0.9503356252341711
2023-03-10,reciknows üîÅ RedDogT3 about SPX I did say I‚Äôd consider $spx 3870ish as the BOS last sale to go to cash was $spx 4140ish.  If we do close on dead lows. I might do only 25% tier as things feel a lot lower in the months ahead. 3760 is the Dec low. A better spot. (Chart is from yesterday- I‚Äôll update after close.,1,0,835,-0.7579,https://twitter.com/reciknows/status/1634281710807564288,reciknows reddogt spx consider spx ish bos sale cash spx ish close dead lows tier things feel lot lower months ahead dec low better spot chart yesterday update close,True,1,0.9602638073178457
2023-03-10,"reciknows üîÅ Jake__Wujastyk about SPY, SPX $SPY $SPX #SPY Great case study on volume gaps today as price continues to go straight through this one after breaking the October low VWAP this morning.",39,5,667,0.5994,https://twitter.com/reciknows/status/1634268894285426688,reciknows jake wujastyk spy spx spy spx spy great case study volume gaps today price continues straight breaking october low vwap morning,True,1,0.9728587598581269
2023-03-10,"the_chart_life tweeted about SPY, IWM, SPX 10 of 11 Sectors (Industrials being the outlier) with a majority of components below their respective 50d moving average. Not too concerning right off the bat, we also had this in late December and that didn't lead to anything. TBD if this time sees more downside.

$SPX $IWM $SPY‚Ä¶ https://twitter.com/i/web/status/1634212585045217281",26,5,30,0.1298,https://twitter.com/the_chart_life/status/1634212585045217281,chart life tweeted spy iwm spx sectors industrials outlier majority components respective moving average concerning right bat late december didn lead tbd time sees downside spx iwm spy,True,1,0.9676771379570944
2023-03-10,"reciknows üîÅ PikesPeakTrades about SPX $SPX Daily update
Wave ii's are meant to be scary. Yesterday's bank news did that.
But notice RSI and MACD + closing divergence. Recovering the 200 SMA and the bull channel ~$3940 is now key to keeping this count on track.
Below the .786 fib probability moves to a bearish count.",9,1,43,-0.2732,https://twitter.com/reciknows/status/1634191310440771586,reciknows pikespeaktrades spx spx daily update wave meant scary yesterday bank news notice rsi macd closing divergence recovering sma bull channel key keeping count track fib probability moves bearish count,True,1,0.9385534580090953
2023-03-10,eliz883 tweeted about SPX so simple $SPX for now flat on spx...but flip 4h and me looking for long,1,0,7,0.0,https://twitter.com/eliz883/status/1634188111986020353,eliz tweeted spx simple spx flat spx flip looking long,True,1,0.9120747426379224
2023-03-10,"reciknows tweeted about QQQ, DIA, IWM, SPY, RTY_F, SMALLCAPS $IWM Daily. #IWM equal leg targets from the initial bear flag breakdown has been completed... coincidentally around the 200sma. 

#IWM $RTY_F #RTY_F #smallcaps $SPY $QQQ $DIA",1,0,1,0.0,https://twitter.com/reciknows/status/1634087483741990913,reciknows tweeted qqq dia iwm spy rty smallcaps iwm daily iwm equal leg targets initial bear flag breakdown completed coincidentally sma iwm rty rty smallcaps spy qqq dia,True,1,0.9066551989993085
2023-03-10,"reciknows tweeted about XLK, NQ=F, QQQ, AMZN, NASDAQ, STOCKMARKET, MSFT, NDX, SPY, AAPL $QQQ Daily. Relative strength compared to #SPY, 50/200 sma around 288/290 so could see a bounce there. Below that, would look for a bounce off low 280's

$NDX $NQ_F $XLK #Nasdaq $AAPL $MSFT $AMZN $SPY #StockMarket",43,6,5447,0.2732,https://twitter.com/reciknows/status/1634086080420122625,reciknows tweeted xlk qqq amzn nasdaq stockmarket msft ndx spy aapl qqq daily relative strength compared spy sma bounce look bounce low ndx xlk nasdaq aapl msft amzn spy stockmarket,True,1,0.9001014812025177
2023-03-10,"reciknows tweeted about XLK, ES=F, QQQ, IWM, SPY, SPX $SPY Daily. NFP data tomorrow and #SPY closed below 200sma. Technicals looks pretty bearish and some light support ~ 387/389 with stronger support in the low 380's. 

$SPX $ES_F #SPX #ES_F $XLK $IWM $QQQ",95,24,1,0.8442,https://twitter.com/reciknows/status/1634082333166026752,reciknows tweeted xlk qqq iwm spy spx spy daily nfp data tomorrow spy closed sma technicals looks pretty bearish light support stronger support low spx spx xlk iwm qqq,True,1,0.9378876450141647
2023-03-10,"reciknows üîÅ optionflys about SPY, QQQ, SPX $SPX Next update : 03/09/2023

$SPY $QQQ",1,0,24,0.0,https://twitter.com/reciknows/status/1634075844401561600,reciknows optionflys spy qqq spx spx update spy qqq,True,1,0.7805502672003746
2023-03-09,"Nebraskangooner tweeted about SPY $SPY

High volume head and shoulders breakdown.

Targeting the lows.",5,1,248,-0.2023,https://twitter.com/Nebraskangooner/status/1633944796967436292,nebraskangooner tweeted spy spy high volume head shoulders breakdown targeting lows,True,1,0.9202022677822288
2023-03-09,eliz883 tweeted about SPX In box me short again $SPX,0,0,2128,0.0,https://twitter.com/eliz883/status/1633850406278406145,eliz tweeted spx box short spx,True,1,0.8837997356762178
2023-03-09,"LSDinmycoffee tweeted about SPX watching if $SPX can reclaim 4000

if not then last week was a nasty bull trap, short and target 3860

if yes, then long and target 4150

simple reasoning",2,0,758,-0.4939,https://twitter.com/LSDinmycoffee/status/1633849516712493056,lsdinmycoffee tweeted spx watching spx reclaim week nasty bull trap short target yes long target simple reasoning,True,1,0.9333433121650804
2023-03-09,"reciknows üîÅ PikesPeakTrades about SPX $SPX Daily update
The bullish nest builds!
$4020 recapture opens the door to $4090 gap fill.
That pivot unlocks the big move through month end above $4200.
I'll reconsider a bear count if $3900 is lost quickly with force.",15,2,60,-0.3802,https://twitter.com/reciknows/status/1633691276729286657,reciknows pikespeaktrades spx spx daily update bullish nest builds recapture opens door gap fill pivot unlocks big month end reconsider bear count lost quickly force,True,1,0.9371942473633265
2023-03-09,"reciknows üîÅ optionflys about SPY, QQQ, SPX $SPX Next update : 03/08/2023

$SPY $QQQ",6,1,1000000,0.0,https://twitter.com/reciknows/status/1633689608205774849,reciknows optionflys spy qqq spx spx update spy qqq,True,1,0.7805502672003746
2023-03-08,"btstocktrading üîÅ TrendSpider about SPY, QQQ Both $SPY and $QQQ continue to hover around their Volume PoCs from all time highs... üëÄ üçø",0,0,34,0.0,https://twitter.com/btstocktrading/status/1633515372493283328,btstocktrading trendspider spy qqq spy qqq continue hover volume pocs time highs,True,1,0.9486958599623563
2023-03-08,"reciknows üîÅ Zig_ZagTrades about SPY @ir_rizzle $SPY  4h 
Valid bear count for sure.",47,5,79,0.3182,https://twitter.com/reciknows/status/1633346371771305985,reciknows zig zagtrades spy spy valid bear count sure,True,1,0.8785632696986433
2023-03-17,"reciknows üîÅ cfromhertz about SPY today is quadwitching 

notable:
1 .  $SPY and all SPDR Sector ETFs go ex div (always on quad witch)

2.  the open - Index futures expire on Open - and Mar futures expire SQ (special quotation) market on open
 - so there will be HEAVY VOLUME ON OPEN

3. S&P & Nasdaq indices‚Ä¶ https://twitter.com/i/web/status/1636695979528269824",5,0,125,0.0516,https://twitter.com/reciknows/status/1636717734884175872,reciknows cfromhertz spy today quadwitching notable spy spdr sector etfs div quad witch open index futures expire open mar futures expire special quotation market open heavy volume open nasdaq indices,True,1,0.9426735887593459
2023-03-17,CryptoParadyme tweeted about SPY Manifest free money friday tomorrow $SPY,4,0,150,0.5106,https://twitter.com/CryptoParadyme/status/1636567483128885248,cryptoparadyme tweeted spy manifest free money friday tomorrow spy,True,1,0.9200861606607849
2023-03-15,"optionsprochick tweeted about SNOW, IWM, SPY Watching $SNOW $IWM $SPY to name a few today! üòÄ",10,1,209,0.4199,https://twitter.com/optionsprochick/status/1635989696793792512,optionsprochick tweeted snow iwm spy watching snow iwm spy today,True,1,0.9230490531317641
2023-03-14,"the_chart_life tweeted about DXY, NDX, RUT, BTCUSD, EFA, DJI, SPX Assets sitting exactly where they were in early May 2022:

$DXY $BTCUSD $SPX $NDX $DJI $RUT $EFA",1,0,910,0.1779,https://twitter.com/the_chart_life/status/1635649278671454208,chart life tweeted dxy ndx rut btcusd efa dji spx assets sitting exactly early dxy btcusd spx ndx dji rut efa,True,1,0.9560415866010611
2023-03-13,eliz883 tweeted about SPX I'm going back to sleep for a while... I'll be patient now until $SPX open ü§ù,10,2,0,0.0,https://twitter.com/eliz883/status/1635176594280177669,eliz tweeted spx going sleep patient spx open,True,1,0.9044418610539293
2023-03-10,"HackermanAce tweeted about SPY $spy 384.90 

Looking for a bounce then.",5,1,12691,0.0,https://twitter.com/HackermanAce/status/1634258530575196186,hackermanace tweeted spy spy looking bounce,True,1,0.8764473685495342
2023-03-10,"reciknows üîÅ ripster47 about SPY $SPY
Mixed Bag on Job Reports, While Non Farm Payroll came higher ;the Unemployment Increase is tiny relief for the market as it assumes Fed Rate increase is helping  and they might reduce/less hike on rates in coming meetings

Next CPI report will be key now.

Market small pop‚Ä¶ https://twitter.com/i/web/status/1634188123692474368",14,3,153,0.7184,https://twitter.com/reciknows/status/1634194352452030464,reciknows ripster spy spy mixed bag job reports non farm payroll came higher unemployment increase tiny relief market assumes fed rate increase helping reduce hike rates coming meetings cpi report key market small pop,True,1,0.9688261884628243
2023-03-09,"the_chart_life tweeted about ES=F, DJIA, SPX, RTY_F, YM_F $SPX $ES_F $DJIA $YM_F $RTY_F all losing their 200 day MAs",2,0,32,-0.3818,https://twitter.com/the_chart_life/status/1633926019169001474,chart life tweeted djia spx rty spx djia rty losing day mas,True,1,0.9106267638544003
2023-03-09,"optionsprochick tweeted about SPY, META, BJ, AMD Watching $SPY $META $AMD $BJ to name a few today! üòÄ",0,0,115,0.4199,https://twitter.com/optionsprochick/status/1633831202380730372,optionsprochick tweeted spy meta amd watching spy meta amd today,True,1,0.9230490531317641
2023-03-08,"HackermanAce tweeted about SPY $spy 5 min setup

403. N 404 calls for next week. 

Let's see if we get the trigger .",10,1,1061,0.0,https://twitter.com/HackermanAce/status/1633475715151671296,hackermanace tweeted spy spy min setup calls week let trigger,True,1,0.8977774188722133
2023-03-16,"LSDinmycoffee üîÅ TaviCosta about @TaviCosta yes, talked about it a few days ago



> [@TaviCosta](https://twitter.com/TaviCosta):
> Gold has been outperforming overall equities since November. 
> 
> In fact:
> 
> Today's performance of the gold-to-S&P 500 ratio is almost perfectly tracking the historical average performance during times when the % of inversions in the US Treasury curve also went above the 70%‚Ä¶ https://twitter.com/i/web/status/1636112181950570496",1,0,128,0.813,https://twitter.com/LSDinmycoffee/status/1636332126533570561,lsdinmycoffee tavicosta yes talked days ago gold outperforming overall equities november fact today performance gold ratio perfectly tracking historical average performance times inversions treasury curve went,True,1,0.9660520644273389
2023-03-13,"Trader_XO üîÅ Trader_XO about CFA's going to flip bearish 

Grift capital promised us new highs and recession was no longer the case.  

> [@Trader_XO](https://twitter.com/Trader_XO):
> How‚Äôs that multi month trendline break on Nasdaq and SP500 working out for the global macro CFA analysts",107,24,4,-0.3612,https://twitter.com/Trader_XO/status/1635265314110980097,trader trader cfa going flip bearish grift capital promised new highs recession longer case multi month trendline break nasdaq working global macro cfa analysts,True,1,0.9836196209633067
2023-03-12,"the_chart_life üîÅ scottcharts about On Friday, the S&P 500, S&P 600 and Nasdaq all saw the most 52-week lows since October 13 when the S&P 500 made its price low",0,0,26595,-0.4902,https://twitter.com/the_chart_life/status/1634948059930181633,chart life scottcharts friday nasdaq saw week lows october price low,True,1,0.9481262019828256
2023-03-10,"Trader_XO üîÅ Trader_XO about ....  

> [@Trader_XO](https://twitter.com/Trader_XO):
> How‚Äôs that multi month trendline break on Nasdaq and SP500 working out for the global macro CFA analysts",38,5,638,0.0,https://twitter.com/Trader_XO/status/1634034626711769088,trader trader multi month trendline break nasdaq working global macro cfa analysts,True,1,0.9461960381471128
2023-03-09,"CryptoJelleNL tweeted about While we worry about whether or not the US stock market is going to hades, european stocks are chugging along nicely.

My portfolio doesn't mind.",3,0,34,0.0,https://twitter.com/CryptoJelleNL/status/1633815536189464577,cryptojellenl tweeted worry stock market going hades european stocks chugging nicely portfolio doesn mind,True,1,0.9625427444504815
2023-03-17,"FirstSquawk tweeted about DOW JONES UNOFFICIALLY CLOSES DOWN 403.00 POINTS, OR 1.25 PERCENT, AT 31,843.55

NASDAQ UNOFFICIALLY CLOSES DOWN 88.41 POINTS, OR 0.75 PERCENT, AT 11,628.87

S&P 500 UNOFFICIALLY CLOSES DOWN 44.63 POINTS, OR 1.13 PERCENT, AT 3,915.65",14,2,124,0.0,https://twitter.com/FirstSquawk/status/1636820244810350607,firstsquawk tweeted dow jones unofficially closes points percent nasdaq unofficially closes points percent unofficially closes points percent,True,0,0.5894549374073945
2023-03-17,"DeItaone tweeted about US STOCKS EXTEND DECLINES; S&P 500 DOWN 1.4%, NASDAQ 100 OFF 1%",12,2,10,0.347,https://twitter.com/DeItaone/status/1636751257674153984,deitaone tweeted stocks extend declines nasdaq,True,0,0.7348236875875839
2023-03-17,"DeItaone tweeted about U.S. STOCKS EXTEND FALL, S&P 500 .SPX DOWN 1.00 PCT",9,1,8,0.347,https://twitter.com/DeItaone/status/1636737861083881477,deitaone tweeted stocks extend fall spx pct,True,1,0.8873195247638184
2023-03-17,DeItaone tweeted about S&P 500 BANKS INDEX .SPXBK DOWN 3.2%,90,16,2439,0.0,https://twitter.com/DeItaone/status/1636725466345136128,deitaone tweeted banks index spxbk,True,1,0.7248597982506529
2023-03-17,"FirstSquawk tweeted about DOW JONES DOWN 126.34 POINTS, OR 0.39 %, AT 32,120.21 AFTER MARKET OPEN

NASDAQ  DOWN 13.31 POINTS, OR 0.11 PERCENT, AT 11,703.97 AFTER MARKET OPEN

S&P 500 DOWN 7.23 POINTS, OR 0.18 PERCENT, AT 3,953.05 AFTER MARKET OPEN",38,9,3,0.0,https://twitter.com/FirstSquawk/status/1636722114878140417,firstsquawk tweeted dow jones points market open nasdaq points percent market open points percent market open,True,1,0.9324288337710894
2023-03-17,"DeItaone tweeted about U.S. S&P 500 E-MINI FUTURES DOWN 0.24%, NASDAQ FUTURES UP 0.1%, DOW FUTURES DOWN 0.34%",0,0,393,0.0,https://twitter.com/DeItaone/status/1636697023251460096,deitaone tweeted mini futures nasdaq futures dow futures,True,0,0.5894549374073945
2023-03-16,"FirstSquawk üîÅ RedboxWire about NASDAQ UNOFFICIALLY CLOSES UP 283.94 POINTS, OR 2.48%, AT 11,717.99

S&P 500 UNOFFICIALLY CLOSES UP 68.62 POINTS, OR 1.76%, AT 3,960.55

DOW JONES UNOFFICIALLY CLOSES UP 372.05 POINTS, OR 1.17%, AT 32,246.62",3,0,1067,0.0,https://twitter.com/FirstSquawk/status/1636458346155745296,firstsquawk redboxwire nasdaq unofficially closes points unofficially closes points dow jones unofficially closes points,True,0,0.5894549374073945
2023-03-16,"FirstSquawk tweeted about S&P 500 FINANCIAL SECTOR INDEX LAST UP 2.1%, EYEING BIGGEST ONE-DAY GAIN SINCE JAN. 6",40,7,1,0.6289,https://twitter.com/FirstSquawk/status/1636422632596750347,firstsquawk tweeted financial sector index eyeing biggest day gain jan,True,1,0.9673995535557166
2023-03-16,"DeItaone tweeted about S&P 500 FINANCIAL SECTOR INDEX .SPSY LAST UP 2.1%, EYEING BIGGEST ONE-DAY GAIN SINCE JAN. 6",70,13,3,0.6289,https://twitter.com/DeItaone/status/1636422581086502914,deitaone tweeted financial sector index spsy eyeing biggest day gain jan,True,1,0.9673995535557166
2023-03-16,"DeItaone tweeted about U.S. STOCKS EXTEND GAINS, S&P 500 .SPX UP 1.00 PCT",51,7,52,0.6774,https://twitter.com/DeItaone/status/1636388433190060033,deitaone tweeted stocks extend gains spx pct,True,0,0.8304510630382723
2023-03-16,DeItaone tweeted about NASDAQ 100 RISES 0.3% TO SESSION HIGH; S&P 500 PARES LOSSES,54,14,3327,-0.5319,https://twitter.com/DeItaone/status/1636367061529264129,deitaone tweeted nasdaq rises session high pares losses,True,1,0.9210822338417115
2023-03-16,"FirstSquawk tweeted about S&P 500 DOWN 18.50 POINTS, OR 0.48 PERCENT, AT 3,873.43 AFTER MARKET OPEN

NASDAQ  DOWN 39.44 POINTS, OR 0.34 PERCENT, AT 11,394.61 AFTER MARKET OPEN

DOW JONES DOWN 171.17 POINTS, OR 0.54 PERCENT, AT 31,703.40 AFTER MARKET OPEN",0,0,177,0.0,https://twitter.com/FirstSquawk/status/1636359807614713857,firstsquawk tweeted points percent market open nasdaq points percent market open dow jones points percent market open,True,1,0.9324288337710894
2023-03-16,DeItaone tweeted about S&P 500 INDEX FUTURES EXTEND DROP TO 0.4%,51,11,965,-0.1027,https://twitter.com/DeItaone/status/1636324899227676675,deitaone tweeted index futures extend drop,True,1,0.85916594765808
2023-03-15,"FirstSquawk üîÅ RedboxWire about NASDAQ UNOFFICIALLY CLOSES DOWN 12.36 POINTS, OR 0.11%, AT 11,415.79

S&P 500 UNOFFICIALLY CLOSES DOWN 31.45 POINTS, OR 0.80%, AT 3,887.84

DOW JONES UNOFFICIALLY CLOSES DOWN 318.40 POINTS, OR 0.99%, AT 31,837.00",21,4,20291,0.0,https://twitter.com/FirstSquawk/status/1636095866074284032,firstsquawk redboxwire nasdaq unofficially closes points unofficially closes points dow jones unofficially closes points,True,0,0.5894549374073945
2023-03-15,"DeItaone tweeted about S&P 500 BANK INDEX CUTS DECLINE, LAST DOWN 3.4%; BLOOMBERG REPORTS SWISS GOVT HOLDS TALKS ON OPTIONS TO STABILIZE CREDIT SUISSE",6,0,4,0.1027,https://twitter.com/DeItaone/status/1636079211784830977,deitaone tweeted bank index cuts decline bloomberg reports swiss govt holds talks options stabilize credit suisse,True,1,0.9643599905839335
2023-03-15,"DeItaone tweeted about U.S. STOCKS EXTEND FALL, S&P 500 .SPX DOWN 2.00 PCT",1,0,93,0.347,https://twitter.com/DeItaone/status/1636048819308601344,deitaone tweeted stocks extend fall spx pct,True,1,0.8873195247638184
2023-03-15,DeItaone tweeted about S&P 500 BANKS INDEX DOWN 3.9%,1,0,75,0.0,https://twitter.com/DeItaone/status/1636000516210581504,deitaone tweeted banks index,True,1,0.7248597982506529
2023-03-15,"FirstSquawk tweeted about DOW JONES DOWN 460.74 POINTS, OR 1.43 PERCENT, AT 31,694.66 AFTER MARKET OPEN

S&P 500 DOWN 52.25 POINTS, OR 1.33 PERCENT, AT 3,867.04 AFTER MARKET OPEN

NASDAQ DOWN 125.39 POINTS, OR 1.10 PERCENT, AT 11,302.76 AFTER MARKET OPEN",7,1,63,0.0,https://twitter.com/FirstSquawk/status/1635997677291814912,firstsquawk tweeted dow jones points percent market open points percent market open nasdaq points percent market open,True,1,0.9324288333039272
2023-03-15,"DeItaone tweeted about S&P 500 OPENS DOWN 1.4%, NASDAQ 100 FALLS 0.9%",0,0,335,0.0,https://twitter.com/DeItaone/status/1635997162319278080,deitaone tweeted opens nasdaq falls,True,0,0.5894549374073945
2023-03-15,"DeItaone tweeted about U.S. STOCK INDEX FUTURES EXTEND DECLINES, S&P 500 E-MINI FUTURES DOWN 1.9%",1,0,106,0.347,https://twitter.com/DeItaone/status/1635991623678017536,deitaone tweeted stock index futures extend declines mini futures,True,1,0.8444024573053642
2023-03-15,"DeItaone tweeted about S&P 500 INDEX FUTURES EXTEND LOSSES, DOWN 2%",3,0,545,-0.25,https://twitter.com/DeItaone/status/1635957786214367233,deitaone tweeted index futures extend losses,True,1,0.83582360701531
2023-03-15,"DeItaone tweeted about U.S. S&P 500 E-MINI FUTURES DOWN 1.08%, NASDAQ FUTURES DOWN NEARLY 1%",6,0,100,0.0,https://twitter.com/DeItaone/status/1635947359875092487,deitaone tweeted mini futures nasdaq futures nearly,True,0,0.841690376478129
2023-03-15,"DeItaone tweeted about U.S. S&P 500 E-MINI FUTURES DOWN 0.6%, NASDAQ FUTURES DOWN 0.6%, DOW FUTURES DOWN 0.7%",16,4,9947,0.0,https://twitter.com/DeItaone/status/1635941942344155136,deitaone tweeted mini futures nasdaq futures dow futures,True,0,0.5894549374073945
2023-03-14,"FirstSquawk üîÅ RedboxWire about NASDAQ UNOFFICIALLY CLOSES UP 234.63 POINTS, OR 2.10%, AT 11,423.47

S&P 500 UNOFFICIALLY CLOSES UP 65.99 POINTS, OR 1.71%, AT 3,921.75

DOW JONES UNOFFICIALLY CLOSES UP 325.82 POINTS, OR 1.02%, AT 32,144.96",7,1,128,0.0,https://twitter.com/FirstSquawk/status/1635733017917358084,firstsquawk redboxwire nasdaq unofficially closes points unofficially closes points dow jones unofficially closes points,True,0,0.5894549374073945
2023-03-14,DeItaone tweeted about S&P 500 RISES 2% FOR BIGGEST INTRADAY GAIN SINCE JANUARY 6,5,0,13,0.6289,https://twitter.com/DeItaone/status/1635661215513935873,deitaone tweeted rises biggest intraday gain january,True,1,0.9505091033120262
2023-03-14,"DeItaone tweeted about U.S. STOCKS EXTEND GAINS, S&P 500 .SPX UP 2.00 PCT",9,1,262191,0.6774,https://twitter.com/DeItaone/status/1635661041097928705,deitaone tweeted stocks extend gains spx pct,True,0,0.8304510630382723
2023-03-14,"FirstSquawk tweeted about DOW JONES UP 325.68 POINTS, OR 1.02 %, AT 32,144.82 AFTER MARKET OPEN

S&P 500 UP 52.14 POINTS, OR 1.35 PERCENT, AT 3,907.90 AFTER MARKET OPEN

NASDAQ UP 174.47 POINTS, OR 1.56 PERCENT, AT 11,363.32 AFTER MARKET OPEN",2,0,9686,0.0,https://twitter.com/FirstSquawk/status/1635634859342282753,firstsquawk tweeted dow jones points market open points percent market open nasdaq points percent market open,True,1,0.9324288333039272
2023-03-14,"DeItaone tweeted about S&P 500 E-MINIS HIT SESSION HIGH, LAST UP 1.2%",8,1,134,0.0,https://twitter.com/DeItaone/status/1635627321586483204,deitaone tweeted minis hit session high,True,1,0.9045840940185595
2023-03-14,"DeItaone tweeted about U.S. STOCK INDEX FUTURES EXTEND GAINS, S&P 500 E-MINIS UP 1%",0,0,193,0.6774,https://twitter.com/DeItaone/status/1635619954224427008,deitaone tweeted stock index futures extend gains minis,True,1,0.8792730157788247
2023-03-14,"DeItaone tweeted about U.S. STOCK INDEX FUTURES EXTEND GAINS; S&P 500 E-MINI FUTURES UP 0.66%, NASDAQ FUTURES UP 0.60%, DOW UP 0.54%",1,0,7,0.6774,https://twitter.com/DeItaone/status/1635610082841972737,deitaone tweeted stock index futures extend gains mini futures nasdaq futures dow,True,0,0.844918498619229
2023-03-14,"eWhispers tweeted about ASO, FDX, KLXE, SPY, SIG, SPX, VIPS Moves into Treasuries like last week were the norm before Greenspan, as were bank failures. If Powell wants to be like Volcker, he will stay on track regardless of SVB‚Äôs collapse. 

http://eps.sh/wrs

$FDX $ASO $SIG $VIPS $KLXE $SPY $SPX",0,0,1097,-0.0772,https://twitter.com/eWhispers/status/1635485764334092288,ewhispers tweeted aso fdx klxe spy sig spx vips moves treasuries like week norm greenspan bank failures powell wants like volcker stay track regardless svb collapse fdx aso sig vips klxe spy spx,True,1,0.9428249838919422
2023-03-13,"FirstSquawk tweeted about S&P 500 BANKING INDEX FALLS 7.0%, LARGEST ONE-DAY PERCENTAGE DROP SINCE JUNE 11,2020",0,0,1,-0.4278,https://twitter.com/FirstSquawk/status/1635372151439241216,firstsquawk tweeted banking index falls largest day percentage drop june,True,1,0.9585476049209696
2023-03-13,"FirstSquawk tweeted about NASDAQ UNOFFICIALLY CLOSES UP 48.68 POINTS, OR 0.44%, AT 11,187.56

S&P 500 UNOFFICIALLY CLOSES DOWN 6.62 POINTS, OR 0.17%, AT 3,854.97

DOW JONES UNOFFICIALLY CLOSES DOWN 91.98 POINTS, OR 0.29%, AT 31,817.66",1,0,2155,0.0,https://twitter.com/FirstSquawk/status/1635371591231209472,firstsquawk tweeted nasdaq unofficially closes points unofficially closes points dow jones unofficially closes points,True,0,0.5894549374073945
2023-03-13,FirstSquawk tweeted about NASDAQ STOCK MARKET: TRADING WILL REMAIN HALTED UNTIL SIGNATURE BANK HAS FULLY SATISFIED NASDAQ'S REQUEST FOR ADDITIONAL INFORMATION,1,0,87,0.6766,https://twitter.com/FirstSquawk/status/1635341001115193344,firstsquawk tweeted nasdaq stock market trading remain halted signature bank fully satisfied nasdaq request additional information,True,0,0.9273929217654927
2023-03-13,"DeItaone tweeted about NASDAQ HALTS SIGNATURE BANK

NASDAQ STOCK MARKET: TRADING WILL REMAIN HALTED UNTIL SIGNATURE BANK HAS FULLY SATISFIED NASDAQ'S REQUEST FOR ADDITIONAL INFORMATION",2,0,6355,0.6766,https://twitter.com/DeItaone/status/1635340451120308226,deitaone tweeted nasdaq halts signature bank nasdaq stock market trading remain halted signature bank fully satisfied nasdaq request additional information,True,0,0.9126945822100339
2023-03-13,"FirstSquawk tweeted about U.S STOCK INDEXES PARE GAINS; DOW DOWN 0.1%, S&P 500 ABOUT FLAT",57,16,1,0.4824,https://twitter.com/FirstSquawk/status/1635335323524927490,firstsquawk tweeted stock indexes pare gains dow flat,True,1,0.8774255773068589
2023-03-13,"DeItaone tweeted about S&P 500 TURNS NEGATIVE, ERASING LATE-MORNING GAINS",317,90,3726,-0.3182,https://twitter.com/DeItaone/status/1635325977168580608,deitaone tweeted turns negative erasing late morning gains,True,1,0.9065244904607597
2023-03-13,"DeItaone tweeted about U.S. STOCKS EXTEND GAINS, S&P 500 UP 1.00 PCT",1,0,2296,0.6774,https://twitter.com/DeItaone/status/1635301906712248320,deitaone tweeted stocks extend gains pct,True,0,0.8304510630382723
2023-03-13,"DeItaone tweeted about U.S. STOCK INDEXES TURN HIGHER IN VOLATILE TRADING; NASDAQ UP 1.3%, S&P 500 CLIMBS 0.8%",0,0,21,0.0,https://twitter.com/DeItaone/status/1635298989309571073,deitaone tweeted stock indexes turn higher volatile trading nasdaq climbs,True,1,0.9177594296065894
2023-03-13,DeItaone tweeted about S&P 500 TURNS NEGATIVE FOR THE YEAR,8,1,22,-0.6633,https://twitter.com/DeItaone/status/1635273950547804160,deitaone tweeted turns negative year,True,1,0.9225407251211625
2023-03-13,"DeItaone tweeted about S&P 500 FALLS 1.1%, ON PACE TO WIPE OUT ALL OF 2023 GAINS",4,1,4122,0.4824,https://twitter.com/DeItaone/status/1635272690075586564,deitaone tweeted falls pace wipe gains,True,1,0.7812775120683582
2023-03-13,"FirstSquawk tweeted about S&P 500 DOWN 39.70 POINTS, OR 1.03 %, AT 3,821.89 AFTER MARKET OPEN

NASDAQ DOWN 93.66 POINTS, OR 0.84 PERCENT, AT 11,045.23 AFTER MARKET OPEN

DOW JONES DOWN 248.26 POINTS, OR 0.78 PERCENT, AT 31,661.38 AFTER MARKET OPEN",1,0,37,0.0,https://twitter.com/FirstSquawk/status/1635272513558294529,firstsquawk tweeted points market open nasdaq points percent market open dow jones points percent market open,True,1,0.9324288337710894
2023-03-13,"DeItaone tweeted about DOW FUTURES DOWN 0.9%, S&P 500 E-MINIS DOWN 0.8%, NASDAQ FUTURES DOWN 0.3%",6,1,87,0.0,https://twitter.com/DeItaone/status/1635259500096790529,deitaone tweeted dow futures minis nasdaq futures,True,0,0.5894549374073945
2023-03-13,"DeItaone tweeted about NASDAQ FUTURES UP 1%, S&P 500 E-MINI FUTURES UP 0.8%, DOW FUTURES UP 0.3%",0,0,0,0.0,https://twitter.com/DeItaone/status/1635237234915028995,deitaone tweeted nasdaq futures mini futures dow futures,True,0,0.5894549374073945
2023-03-13,"DeItaone tweeted about DOW FUTURES DOWN 0.5%, S&P 500 E-MINIS DOWN 0.1%, NASDAQ FUTURES UP 0.3%",0,0,0,0.0,https://twitter.com/DeItaone/status/1635215051224403975,deitaone tweeted dow futures minis nasdaq futures,True,0,0.5894549374073945
2023-03-13,"DeItaone tweeted about NASDAQ FUTURES UP 0.3%, S&P 500 E-MINIS FLAT",5,0,409,0.0,https://twitter.com/DeItaone/status/1635210800725118983,deitaone tweeted nasdaq futures minis flat,True,0,0.5894549374073945
2023-03-10,"DeItaone tweeted about WITH S&P 500 BANK INDEX DOWN MORE THAN 3%, FRIST REPUBLIC LEADS PCT DECLINES, SIGNATURE BANK DOWN ALMOST 22%, ZIONS BANCORP DOWN 13%",5,0,6,0.0,https://twitter.com/DeItaone/status/1634202334682140674,deitaone tweeted bank index frist republic leads pct declines signature bank zions bancorp,True,1,0.8536263549295933
2023-03-10,"FirstSquawk tweeted about DOW JONES DOWN 66.29 POINTS, OR 0.21 %, AT 32,188.57 AFTER MARKET OPEN

S&P 500 DOWN 8.21 POINTS, OR 0.21 PERCENT, AT 3,910.11 AFTER MARKET OPEN

NASDAQ DOWN 21.26 POINTS, OR 0.19 PERCENT, AT 11,317.10 AFTER MARKET OPEN",42,9,4690,0.0,https://twitter.com/FirstSquawk/status/1634200415221829638,firstsquawk tweeted dow jones points market open points percent market open nasdaq points percent market open,True,1,0.9324288333039272
2023-03-09,"FirstSquawk tweeted about S&P 500 FINANCIAL SECTOR INDEX DROPS 4.1%, DEEPEST ONE-DAY DECLINE SINCE JUNE 2020",4,1,5,0.0,https://twitter.com/FirstSquawk/status/1633936218911023104,firstsquawk tweeted financial sector index drops deepest day decline june,True,1,0.9514254116199203
2023-03-09,"FirstSquawk tweeted about NASDAQ UNOFFICIALLY CLOSES DOWN 229.62 POINTS, OR 1.98%, AT 11,346.39

S&P 500 UNOFFICIALLY CLOSES DOWN 74.35 POINTS, OR 1.86%, AT 3,917.66

DOW JONES UNOFFICIALLY CLOSES DOWN 556.48 POINTS, OR 1.70%, AT 32,241.92",1,0,159,0.0,https://twitter.com/FirstSquawk/status/1633936193736921089,firstsquawk tweeted nasdaq unofficially closes points unofficially closes points dow jones unofficially closes points,True,0,0.5894549374073945
2023-03-09,DeItaone tweeted about FED: STOCK MARKET VALUES UP BY $2.7 TRLN IN Q4,10,2,3962,0.5319,https://twitter.com/DeItaone/status/1633876385721896960,deitaone tweeted fed stock market values trln,True,1,0.9296695721840579
2023-03-09,"FirstSquawk tweeted about DOW JONES UP 130.04 POINTS, OR 0.40 PERCENT, AT 32,928.44 AFTER MARKET OPEN

S&P 500 UP 6.23 POINTS, OR 0.16 PERCENT, AT 3,998.24 AFTER MARKET OPEN

NASDAQ UP 1.64 POINTS, OR 0.01 PERCENT, AT 11,577.65 AFTER MARKET OPEN",2,0,233,0.0,https://twitter.com/FirstSquawk/status/1633837997006393344,firstsquawk tweeted dow jones points percent market open points percent market open nasdaq points percent market open,True,1,0.9324288333039272
2023-03-08,"FirstSquawk tweeted about NASDAQ UNOFFICIALLY CLOSES UP 39.62 POINTS, OR 0.34%, AT 11,569.95

S&P 500 UNOFFICIALLY CLOSES UP 4.93 POINTS, OR 0.12%, AT 3,991.30

DOW JONES UNOFFICIALLY CLOSES DOWN 60.57 POINTS, OR 0.18%, AT 32,795.89",2,0,758,0.0,https://twitter.com/FirstSquawk/status/1633574308147601412,firstsquawk tweeted nasdaq unofficially closes points unofficially closes points dow jones unofficially closes points,True,0,0.5894549374073945
2023-03-08,"FirstSquawk tweeted about DOW JONES UP 0.76 POINTS, OR 0.00 %, AT 32,857.22 AFTER MARKET OPEN

S&P 500 UP 3.09 POINTS, OR 0.08 PERCENT, AT 3,989.46 AFTER MARKET OPEN

NASDAQ  UP 25.14 POINTS, OR 0.22 PERCENT, AT 11,555.48 AFTER MARKET OPEN",15,3,138,0.0,https://twitter.com/FirstSquawk/status/1633475708012883970,firstsquawk tweeted dow jones points market open points percent market open nasdaq points percent market open,True,1,0.9324288333039272
2023-03-17,"trader1sz üîÅ jimcramer about yo my friend @jimcramer, tweet something bearish on stock market. 

> [@jimcramer](https://twitter.com/jimcramer):
> going to liquidate @WifeyAlpha shortly",11,2,1,0.4939,https://twitter.com/trader1sz/status/1636752998176006145,trader jimcramer friend tweet bearish stock market going liquidate shortly,True,1,0.949850283423171
2023-03-15,"trader1sz üîÅ WifeyAlpha about Equity Liquidity ‚Äì Goldmans

Record volumes do not equal liquidity. S&P 500 futures liquidity is $2.0M. This is the lowest level since March 30th, 2020 (Covid times). At the start of March 2023, you could trade $17M on the screens, and today is $2M, a decline in 88%‚Ä¶ https://twitter.com/i/web/status/1635871434378493954",69,11,1753,-0.3818,https://twitter.com/trader1sz/status/1636029899981959175,trader wifeyalpha equity liquidity goldmans record volumes equal liquidity futures liquidity lowest level march covid times start march trade screens today decline,True,1,0.953174611888405
2023-03-15,"trader1sz üîÅ WifeyAlpha about ‚ÄúIndex Gamma into $2.8 Trillion OPeX this friday - S&P 500 Index gamma is long +$1.8B. Dealers lost $2B worth of long gamma, and get shorter to the downside, this removes some of the market buffer, and will exacerbate downside moves. As a reminder, $2.8 Trillion worth of option‚Ä¶ https://twitter.com/i/web/status/1635874424732753920",2,0,4322,-0.3612,https://twitter.com/trader1sz/status/1636004343877869569,trader wifeyalpha index gamma trillion opex friday index gamma long dealers lost worth long gamma shorter downside removes market buffer exacerbate downside moves reminder trillion worth option,True,1,0.966425693618758
2023-03-15,"Trader_XO üîÅ WifeyAlpha about Read this then read it again 

> [@WifeyAlpha](https://twitter.com/WifeyAlpha):
> Equity Liquidity ‚Äì Goldmans
> 
> Record volumes do not equal liquidity. S&P 500 futures liquidity is $2.0M. This is the lowest level since March 30th, 2020 (Covid times). At the start of March 2023, you could trade $17M on the screens, and today is $2M, a decline in 88%‚Ä¶ https://twitter.com/i/web/status/1635871434378493954",16,2,0,-0.3818,https://twitter.com/Trader_XO/status/1636002542290190337,trader wifeyalpha read read equity liquidity goldmans record volumes equal liquidity futures liquidity lowest level march covid times start march trade screens today decline,True,1,0.961439466556571
2023-03-12,"CryptoNoan üîÅ CryptoNoan about If you apply this strategy you can easily achieve 100% failure. Every single trade will hit SL 

Most of them just copy & paste content from other resources for engagement, mostly used in stock market.

Stay tuned, let's discuss more in the upcoming days.

Happy weekend üëã",3,0,1264,0.8402,https://twitter.com/CryptoNoan/status/1635046815967084545,cryptonoan cryptonoan apply strategy easily achieve failure single trade hit copy paste content resources engagement stock market stay tuned let discuss upcoming days happy weekend,True,1,0.9761965329880841
2023-03-12,"CryptoGodJohn tweeted about We still have CPI Tuesday and a shitshow in the stock market with SVB opening tomorrow 

Going to be a big week",0,0,5423,0.0,https://twitter.com/CryptoGodJohn/status/1634980876076605440,cryptogodjohn tweeted cpi tuesday shitshow stock market svb opening tomorrow going big week,True,1,0.9589236694453819
2023-03-09,"Trader_XO üîÅ KobeissiLetter about Liquidity is disappearing all around the board:

1. S&P 500 lost $600 billion in 2 hours

2. Crypto markets down $40 billion today

3. Four biggest US banks down $50 billion today

4. Bond markets trading like meme stocks

All the buyers are gone as inflation is here to stay.",3,0,3,0.0516,https://twitter.com/Trader_XO/status/1633933360643833857,trader kobeissiletter liquidity disappearing board lost billion hours crypto markets billion today biggest banks billion today bond markets trading like meme stocks buyers gone inflation stay,True,1,0.9595928591410886
2023-03-09,"Amdtrades üîÅ KobeissiLetter about Liquidity is disappearing all around the board:

1. S&P 500 lost $600 billion in 2 hours

2. Crypto markets down $40 billion today

3. Four biggest US banks down $50 billion today

4. Bond markets trading like meme stocks

All the buyers are gone as inflation is here to stay.",10,1,95,0.0516,https://twitter.com/Amdtrades/status/1633928146507513860,amdtrades kobeissiletter liquidity disappearing board lost billion hours crypto markets billion today biggest banks billion today bond markets trading like meme stocks buyers gone inflation stay,True,1,0.9595928591410886
2023-03-08,"IncomeSharks tweeted about STOCK The #stock market is volatile because there's a lot less liquidity. Advisors pushed everyone into 4/5% T bills, CDs and bonds. Now when the S&P returns more than that this year they'll want back in. Buy stocks when everyone is in bonds. Buy bonds when everyone is in stocks.",39,6,629,0.0772,https://twitter.com/IncomeSharks/status/1633511608776531968,incomesharks tweeted stock stock market volatile lot liquidity advisors pushed bills cds bonds returns year want buy stocks bonds buy bonds stocks,True,1,0.9444648912985268
2023-03-08,"IncomeSharks üîÅ Mr_Derivatives about The stock market crashes when ppl least expect it.

And right now the expectation of a crash is at an all time high.

I‚Äôm a net bear but even I gotta admit, too many crash callers.",0,0,7,-0.4939,https://twitter.com/IncomeSharks/status/1633500248621588480,incomesharks derivatives stock market crashes ppl expect right expectation crash time high net bear got admit crash callers,True,1,0.9640309860656557
